-- phpMyAdmin SQL Dump
-- version 4.1.14
-- http://www.phpmyadmin.net
--
-- Host: 127.0.0.1
-- Generation Time: Jun 06, 2015 at 08:55 PM
-- Server version: 5.6.17
-- PHP Version: 5.5.12

SET SQL_MODE = "NO_AUTO_VALUE_ON_ZERO";
SET time_zone = "+00:00";


/*!40101 SET @OLD_CHARACTER_SET_CLIENT=@@CHARACTER_SET_CLIENT */;
/*!40101 SET @OLD_CHARACTER_SET_RESULTS=@@CHARACTER_SET_RESULTS */;
/*!40101 SET @OLD_COLLATION_CONNECTION=@@COLLATION_CONNECTION */;
/*!40101 SET NAMES utf8 */;

--
-- Database: `db_quickeval`
--

-- --------------------------------------------------------

--
-- Table structure for table `categoryname`
--

CREATE TABLE IF NOT EXISTS `categoryname` (
  `id` int(11) NOT NULL AUTO_INCREMENT,
  `name` varchar(255) COLLATE utf8_bin DEFAULT NULL,
  `personId` int(3) DEFAULT NULL,
  `standardFlag` tinyint(1) DEFAULT NULL COMMENT '1=by user/0=standard',
  PRIMARY KEY (`id`),
  KEY `personId` (`personId`)
) ENGINE=InnoDB  DEFAULT CHARSET=utf8 COLLATE=utf8_bin AUTO_INCREMENT=63 ;

-- --------------------------------------------------------

--
-- Table structure for table `experiment`
--

CREATE TABLE IF NOT EXISTS `experiment` (
  `id` int(10) NOT NULL AUTO_INCREMENT,
  `title` varchar(100) COLLATE utf8_bin DEFAULT NULL,
  `shortDescription` varchar(500) COLLATE utf8_bin DEFAULT NULL,
  `longDescription` varchar(1000) COLLATE utf8_bin DEFAULT NULL,
  `date` timestamp NOT NULL DEFAULT CURRENT_TIMESTAMP,
  `isPublic` enum('0 = Hidden','1 = Public','','') COLLATE utf8_bin DEFAULT NULL COMMENT '0=no visible/1=visible. If experiment is visible/may be taken by the general public',
  `allowColourBlind` enum('0','1','','') COLLATE utf8_bin DEFAULT NULL COMMENT '0=Not allowed/1=Allowed',
  `backgroundColour` varchar(20) COLLATE utf8_bin DEFAULT '808080' COMMENT 'HEX value',
  `allowTies` tinyint(1) DEFAULT NULL,
  `showOriginal` tinyint(1) DEFAULT NULL,
  `samePair` tinyint(1) DEFAULT NULL,
  `horizontalFlip` tinyint(1) DEFAULT NULL,
  `monitorDistance` varchar(50) COLLATE utf8_bin DEFAULT NULL COMMENT 'Measured in mm',
  `lightType` varchar(50) COLLATE utf8_bin DEFAULT NULL,
  `naturalLighting` tinyint(1) DEFAULT NULL,
  `screenLuminance` varchar(50) COLLATE utf8_bin DEFAULT NULL,
  `whitePoint` varchar(50) COLLATE utf8_bin DEFAULT NULL,
  `whitePointRoom` varchar(50) COLLATE utf8_bin DEFAULT NULL,
  `ambientIllumination` varchar(50) COLLATE utf8_bin DEFAULT NULL,
  `person` int(10) NOT NULL,
  `experimentType` int(10) DEFAULT NULL,
  `timer` enum('0','1','','') COLLATE utf8_bin NOT NULL DEFAULT '0' COMMENT '0=No timer/1=Timer',
  `inviteHash` varchar(100) COLLATE utf8_bin NOT NULL COMMENT 'Hash used for invitation link',
  `viewingDistance` varchar(30) COLLATE utf8_bin DEFAULT NULL,
  PRIMARY KEY (`id`),
  KEY `experimentType` (`experimentType`),
  KEY `person` (`person`)
) ENGINE=InnoDB  DEFAULT CHARSET=utf8 COLLATE=utf8_bin AUTO_INCREMENT=125 ;

--
-- Dumping data for table `experiment`
--

INSERT INTO `experiment` (`id`, `title`, `shortDescription`, `longDescription`, `date`, `isPublic`, `allowColourBlind`, `backgroundColour`, `allowTies`, `showOriginal`, `samePair`, `horizontalFlip`, `monitorDistance`, `lightType`, `naturalLighting`, `screenLuminance`, `whitePoint`, `whitePointRoom`, `ambientIllumination`, `person`, `experimentType`, `timer`, `inviteHash`, `viewingDistance`) VALUES
(121, 'Category Flower 21.05', 'fwef', 'wef', '2015-05-21 15:27:53', '1 = Public', '0', '', 1, 1, 0, 1, '1', NULL, NULL, '', '', '', '', 1, 3, '0', 'e00c95be97', ''),
(122, 'rank order 3 image sets', 'rank order 3 image sets', 'rank order 3 image sets', '2015-05-21 17:12:23', '1 = Public', '0', '', 1, 0, 0, 1, '1', NULL, NULL, '', '', '', '', 1, 1, '0', '8da331ffaf', ''),
(123, 'pair comparison tablet test', 'pair comparison tablet test', 'pair comparison tablet test', '2015-05-23 20:04:45', '1 = Public', '0', '', 1, 0, 0, 1, '1', NULL, NULL, '', '', '', '', 1, 2, '0', '81d5e09796', ''),
(124, 'category small images - small business 300x300', 'category small images - small business 300x300', 'category small images - small business 300x300', '2015-06-06 10:04:44', '1 = Public', '0', '', 1, 0, 0, 1, '1', NULL, NULL, '', '', '', '', 1, 3, '0', '24d15a7ac7', '');

-- --------------------------------------------------------

--
-- Table structure for table `experimentcategory`
--

CREATE TABLE IF NOT EXISTS `experimentcategory` (
  `id` int(10) NOT NULL AUTO_INCREMENT,
  `category` int(10) NOT NULL,
  `experiment` int(10) NOT NULL,
  PRIMARY KEY (`id`),
  KEY `categoryId` (`category`,`experiment`),
  KEY `pictureOrder` (`experiment`),
  KEY `categoryId_2` (`category`),
  KEY `pictureOrder_2` (`experiment`)
) ENGINE=InnoDB  DEFAULT CHARSET=utf8 COLLATE=utf8_bin AUTO_INCREMENT=82 ;

-- --------------------------------------------------------

--
-- Table structure for table `experimentinfotype`
--

CREATE TABLE IF NOT EXISTS `experimentinfotype` (
  `id` int(10) NOT NULL AUTO_INCREMENT,
  `experiment` int(10) DEFAULT NULL,
  `infoType` int(3) DEFAULT NULL,
  PRIMARY KEY (`id`),
  KEY `experiment` (`experiment`),
  KEY `infoType` (`infoType`),
  KEY `id` (`id`)
) ENGINE=InnoDB  DEFAULT CHARSET=utf8 COLLATE=utf8_bin AUTO_INCREMENT=82 ;

-- --------------------------------------------------------

--
-- Table structure for table `experimentorder`
--

CREATE TABLE IF NOT EXISTS `experimentorder` (
  `eOrder` int(11) NOT NULL AUTO_INCREMENT,
  `pictureSet` int(10) DEFAULT NULL,
  `experimentQueue` int(10) DEFAULT NULL,
  `pictureQueue` int(10) DEFAULT NULL,
  `instruction` int(10) DEFAULT NULL,
  PRIMARY KEY (`eOrder`),
  KEY `pictureQueue` (`pictureQueue`),
  KEY `experimentInstruction` (`experimentQueue`),
  KEY `pictureQueue_2` (`pictureQueue`),
  KEY `experimentQueue` (`experimentQueue`),
  KEY `instruction` (`instruction`)
) ENGINE=InnoDB  DEFAULT CHARSET=utf8 COLLATE=utf8_bin AUTO_INCREMENT=267 ;

-- --------------------------------------------------------

--
-- Table structure for table `experimentqueue`
--

CREATE TABLE IF NOT EXISTS `experimentqueue` (
  `id` int(10) NOT NULL AUTO_INCREMENT,
  `experiment` int(10) DEFAULT NULL,
  PRIMARY KEY (`id`),
  KEY `experiment` (`experiment`)
) ENGINE=InnoDB  DEFAULT CHARSET=utf8 COLLATE=utf8_bin AUTO_INCREMENT=119 ;

-- --------------------------------------------------------

--
-- Table structure for table `experimentresult`
--

CREATE TABLE IF NOT EXISTS `experimentresult` (
  `id` int(10) NOT NULL AUTO_INCREMENT,
  `browser` varchar(20) COLLATE utf8_bin DEFAULT NULL,
  `os` varchar(20) COLLATE utf8_bin NOT NULL,
  `xDimension` int(4) DEFAULT NULL,
  `yDimension` int(4) DEFAULT NULL,
  `startTime` timestamp NOT NULL DEFAULT CURRENT_TIMESTAMP ON UPDATE CURRENT_TIMESTAMP,
  `endTime` datetime DEFAULT NULL,
  `experiment` int(10) DEFAULT NULL,
  `person` int(10) DEFAULT NULL,
  `complete` enum('0','1','','') COLLATE utf8_bin NOT NULL DEFAULT '0' COMMENT '0 = not complete/1 = complete',
  PRIMARY KEY (`id`),
  KEY `experiment` (`experiment`),
  KEY `person` (`person`)
) ENGINE=InnoDB  DEFAULT CHARSET=utf8 COLLATE=utf8_bin AUTO_INCREMENT=698 ;

-- --------------------------------------------------------

--
-- Table structure for table `experimenttype`
--

CREATE TABLE IF NOT EXISTS `experimenttype` (
  `id` int(11) NOT NULL AUTO_INCREMENT,
  `name` varchar(255) COLLATE utf8_bin NOT NULL,
  `type` enum('pair','rating','category') COLLATE utf8_bin NOT NULL,
  `description` varchar(500) COLLATE utf8_bin DEFAULT NULL,
  PRIMARY KEY (`id`)
) ENGINE=InnoDB  DEFAULT CHARSET=utf8 COLLATE=utf8_bin AUTO_INCREMENT=4 ;

--
-- Dumping data for table `experimenttype`
--

INSERT INTO `experimenttype` (`id`, `name`, `type`, `description`) VALUES
(1, 'Rank order', 'rating', 'Rate the shit of the pictures'),
(2, 'Paired comparison', 'pair', 'Pick one'),
(3, 'Category judgement', 'category', 'Place images into categories');

-- --------------------------------------------------------

--
-- Table structure for table `infofield`
--

CREATE TABLE IF NOT EXISTS `infofield` (
  `id` int(10) NOT NULL AUTO_INCREMENT,
  `text` varchar(1000) COLLATE utf8_bin NOT NULL,
  `experiment` int(10) DEFAULT NULL,
  `person` int(10) DEFAULT NULL,
  `infoType` int(10) DEFAULT NULL,
  PRIMARY KEY (`id`),
  KEY `infoType` (`infoType`),
  KEY `person` (`person`),
  KEY `experiment` (`experiment`)
) ENGINE=InnoDB  DEFAULT CHARSET=utf8 COLLATE=utf8_bin AUTO_INCREMENT=291 ;

--
-- Dumping data for table `infofield`
--

INSERT INTO `infofield` (`id`, `text`, `experiment`, `person`, `infoType`) VALUES
(1, 'Big european size 45', NULL, NULL, 3),
(2, 'Red with yellow stripes and superman logo on the front', NULL, NULL, NULL),
(3, 'hei', NULL, 1, NULL),
(4, 'hei', NULL, 1, NULL),
(9, '', NULL, 1, NULL),
(10, '', NULL, 1, NULL),
(11, 'asdasd', NULL, 1, NULL),
(12, 'asdasd', NULL, 1, NULL),
(13, 'nothing special yo but htanks', NULL, 1, 7),
(14, 'nothing special yo but htanks', NULL, 1, 7),
(15, 'ghehehe', NULL, NULL, 7),
(16, 'christopher ', NULL, 1, 1),
(17, 'wel thanks', NULL, 1, 8),
(18, 'christopher ', NULL, 1, 1),
(19, 'wel thanks', NULL, 1, 8),
(20, 'christopher', NULL, 1, 1),
(21, 'jyoyo', NULL, 1, 8),
(22, 'jkh', NULL, 1, 1),
(23, 'jhkgghuk', NULL, 1, 8),
(24, 'fghfgh', NULL, 1, 1),
(25, 'fghfgh', NULL, 1, 8),
(26, 'ghj', NULL, 1, 1),
(27, 'ghjghj', NULL, 1, 8),
(28, 'dsf', NULL, 1, 1),
(29, 'dfg', NULL, 1, 8),
(30, 'j', NULL, 1, 7),
(31, 'Marius', NULL, NULL, 1),
(32, '31', NULL, NULL, 3),
(33, '324', NULL, NULL, 1),
(34, '324', NULL, NULL, 3),
(35, '324', NULL, NULL, 1),
(36, '324', NULL, NULL, 3),
(37, 'Ping', NULL, NULL, 1),
(38, 'Zhao', NULL, NULL, 2),
(39, '32', NULL, NULL, 3),
(40, 'China', NULL, NULL, 4),
(41, 'Male', NULL, NULL, NULL),
(42, 'Ping', NULL, NULL, 1),
(43, 'Zhao', NULL, NULL, 2),
(44, '32', NULL, NULL, 3),
(45, 'China', NULL, NULL, 4),
(46, 'Male', NULL, NULL, NULL),
(47, 'Ping', NULL, NULL, 1),
(48, 'Zhao', NULL, NULL, 2),
(49, '32', NULL, NULL, 3),
(50, 'China', NULL, NULL, 4),
(51, 'Male', NULL, NULL, NULL),
(52, 'Marius', NULL, NULL, 1),
(53, 'Marius ', NULL, NULL, 1),
(54, 'Marius', NULL, NULL, 1),
(55, 'Marius', NULL, NULL, 1),
(56, 'Marius', NULL, NULL, 1),
(57, 'Marius', NULL, NULL, 1),
(58, 'Marius', NULL, NULL, 1),
(59, 'Marius', NULL, NULL, 1),
(60, 'Marius', NULL, NULL, 1),
(61, 'Marius', NULL, NULL, 1),
(62, 'Marius', NULL, NULL, 1),
(63, 'Marius', NULL, NULL, 1),
(64, 'marius', NULL, NULL, 1),
(65, 'marius', NULL, NULL, 1),
(66, 'marius', NULL, NULL, 1),
(67, 'Marius', NULL, NULL, 1),
(68, 'Marius', NULL, NULL, 1),
(69, 'Marius', NULL, NULL, 1),
(70, 'Marius', NULL, NULL, 1),
(71, 'Marius', NULL, NULL, 1),
(72, 'Marius', NULL, NULL, 1),
(73, 'Marius', NULL, NULL, 1),
(74, 'test', NULL, NULL, 1),
(75, 'dsfs', NULL, NULL, 1),
(76, 'kjkj', NULL, NULL, 1),
(77, 'hjgj', NULL, NULL, 1),
(78, 'Mkj', NULL, NULL, 1),
(79, 'Marius', NULL, NULL, 1),
(80, 'Marius', NULL, NULL, 1),
(81, 'Marius', NULL, NULL, 1),
(82, 'Marius', NULL, NULL, 1),
(83, 'Marius', NULL, NULL, 1),
(84, 'Marius', NULL, NULL, 1),
(85, 'Marius', NULL, NULL, 1),
(86, 'Marius', NULL, NULL, 1),
(87, 'Marius', NULL, NULL, 1),
(88, 'Yao', NULL, NULL, 1),
(89, 'Yao', NULL, NULL, 1),
(90, 'Marius', NULL, NULL, 1),
(91, 'Marius', NULL, NULL, 1),
(92, 'Marius', NULL, NULL, 1),
(93, 'MArius', NULL, NULL, 1),
(94, 'Marius', NULL, NULL, 1),
(95, 'andy', NULL, NULL, 1),
(96, 'marius', NULL, NULL, 1),
(97, 'marius', NULL, NULL, 1),
(98, 'm', NULL, NULL, 1),
(99, 'Mina', NULL, NULL, 1),
(100, 'Mina', NULL, NULL, 1),
(101, 'Mina', NULL, NULL, 1),
(102, 'Mina', NULL, NULL, 1),
(103, 'Ping', NULL, NULL, 1),
(104, 'Zhao', NULL, NULL, 2),
(105, '32', NULL, NULL, 3),
(106, 'China', NULL, NULL, 4),
(107, 'Male', NULL, NULL, NULL),
(108, 'Ping', NULL, NULL, 1),
(109, 'Zhao', NULL, NULL, 2),
(110, '32', NULL, NULL, 3),
(111, 'China', NULL, NULL, 4),
(112, 'Male', NULL, NULL, NULL),
(113, 'lk', NULL, NULL, 1),
(114, 'tdff', NULL, NULL, 1),
(115, 'Ping', NULL, NULL, 1),
(116, 'Zhao', NULL, NULL, 2),
(117, '32', NULL, NULL, 3),
(118, 'China', NULL, NULL, 4),
(119, 'Male', NULL, NULL, NULL),
(120, 'ad', NULL, NULL, 1),
(121, 'asdsad', NULL, NULL, 2),
(122, '12', NULL, NULL, 3),
(123, 'asd', NULL, NULL, 4),
(124, 'asd', NULL, NULL, NULL),
(125, 'Ping', NULL, NULL, 1),
(126, 'Zhao', NULL, NULL, 2),
(127, '32', NULL, NULL, 3),
(128, 'China', NULL, NULL, 4),
(129, 'Male', NULL, NULL, NULL),
(130, 'JeanBaptiste', NULL, NULL, 1),
(131, 'Thoøas', NULL, NULL, 2),
(132, '33', NULL, NULL, 3),
(133, 'French', NULL, NULL, 4),
(134, 'Male', NULL, NULL, NULL),
(135, 'dsaf', NULL, NULL, 1),
(136, 'adsf', NULL, NULL, 2),
(137, '324', NULL, NULL, 3),
(138, 'adfasdf', NULL, NULL, 4),
(139, 'adsf', NULL, NULL, NULL),
(140, 'adsf', NULL, NULL, 1),
(141, 'dsf', NULL, NULL, 1),
(142, 'dfds', NULL, NULL, 1),
(143, 'Jörg', NULL, NULL, 1),
(144, 'Marius', NULL, NULL, 1),
(145, 'Marius', NULL, NULL, 1),
(146, 'Marius', NULL, NULL, 1),
(147, 'Neda', NULL, NULL, 1),
(148, 'Milic', NULL, NULL, 2),
(149, '29', NULL, NULL, 3),
(150, 'Serbia', NULL, NULL, 4),
(151, 'F', NULL, NULL, NULL),
(152, 'Neda', NULL, NULL, 1),
(153, 'Mili', NULL, NULL, 2),
(154, '29', NULL, NULL, 3),
(155, 'Serbia', NULL, NULL, 4),
(156, 'F', NULL, NULL, NULL),
(157, 'Igor', NULL, NULL, 1),
(158, 'lk', NULL, NULL, 1),
(159, 'test', NULL, NULL, 1),
(160, 'l', NULL, NULL, 1),
(161, 'test', NULL, NULL, 1),
(162, 'test', NULL, NULL, 1),
(163, 'test', NULL, NULL, 1),
(164, 'test', NULL, NULL, 1),
(165, 'test', NULL, NULL, 1),
(166, 'Test khai', NULL, 1, 1),
(167, 'feg', NULL, 1, 1),
(168, 'fsdf', NULL, 1, 1),
(169, 'dsf', NULL, 1, 1),
(170, 'dsf', NULL, 1, 1),
(171, '564', NULL, 1, 1),
(172, '64', NULL, NULL, 1),
(173, '+945', NULL, NULL, 1),
(174, 'dsfdsg', NULL, NULL, 1),
(175, 'fj', NULL, NULL, 1),
(176, 'rth', NULL, NULL, 1),
(177, 'tghi', NULL, NULL, 1),
(178, 'tuiuyi', NULL, NULL, 1),
(179, 'Test', NULL, NULL, 1),
(180, 'test', NULL, NULL, 1),
(181, 'fab', NULL, NULL, 1),
(182, 'nikhil', NULL, NULL, 1),
(183, 'a', NULL, NULL, 1),
(184, 'e', NULL, NULL, 2),
(185, '12', NULL, NULL, 3),
(186, 'china', NULL, NULL, 4),
(187, 'female', NULL, NULL, NULL),
(188, 'li', NULL, NULL, 1),
(189, 'li', NULL, NULL, 1),
(190, 'test', NULL, 1, 1),
(191, 'yuan', NULL, NULL, 1),
(192, 'd ad ', NULL, NULL, 1),
(193, '111', NULL, NULL, 1),
(194, '00', NULL, NULL, 1),
(195, 'yann', NULL, NULL, 1),
(196, 'b', NULL, NULL, 1),
(197, 'ff', NULL, NULL, 1),
(198, 'ff', NULL, NULL, 1),
(199, 'ff', NULL, NULL, 1),
(200, 'tt', NULL, NULL, 1),
(201, 'wil', NULL, NULL, 1),
(202, 'wil', NULL, NULL, 1),
(203, 'wil', NULL, NULL, 1),
(204, 'wil', NULL, NULL, 1),
(205, 'mbaye', NULL, NULL, 1),
(206, 'Mbaye', NULL, NULL, 1),
(207, 'Mbaye', NULL, NULL, 1),
(208, 'william', NULL, NULL, 1),
(209, 'pierre', NULL, NULL, 1),
(210, 'tom', NULL, NULL, 1),
(211, 'm', NULL, NULL, 1),
(212, 'm', NULL, NULL, 1),
(213, 'Marius', NULL, NULL, 1),
(214, 'Marius', NULL, NULL, 1),
(215, 'M', NULL, NULL, 1),
(216, '111', NULL, NULL, 1),
(217, '11', NULL, NULL, 1),
(218, 'j', NULL, NULL, 1),
(219, 'a', NULL, NULL, 1),
(220, 'Antoine', NULL, NULL, 1),
(221, 'Flavien', NULL, NULL, 1),
(222, 'Jessica', NULL, NULL, 1),
(223, 'Flavien', NULL, NULL, 1),
(224, 'aze', NULL, NULL, 1),
(225, 'peter', NULL, NULL, 1),
(226, 'dsfad', NULL, NULL, 1),
(227, '123', NULL, NULL, 3),
(228, '45', NULL, NULL, NULL),
(229, 'jkk', NULL, NULL, 1),
(230, 'a', NULL, NULL, 1),
(231, 'Cha', NULL, NULL, 1),
(232, 'Cha', NULL, NULL, 1),
(233, 'Maxime', NULL, NULL, 1),
(234, 'Martin', NULL, NULL, 1),
(235, 'radisson', NULL, NULL, 1),
(236, 'radisson', NULL, NULL, 1),
(237, 'radisson', NULL, NULL, 1),
(238, 'greg', NULL, NULL, 1),
(239, 'greg', NULL, NULL, 1),
(240, 'Clément', NULL, NULL, 1),
(241, 'anne', NULL, NULL, 1),
(242, 'BONDEAU JC', NULL, NULL, 1),
(243, 'Bondeau', NULL, NULL, 1),
(244, 'Bondeau', NULL, NULL, 1),
(245, 'Leonard', NULL, NULL, 1),
(246, 'Leonard', NULL, NULL, 1),
(247, 'Leonard', NULL, NULL, 1),
(248, 'Léonard ', NULL, NULL, 1),
(249, 'Marine', NULL, NULL, 1),
(250, 'elodie', NULL, NULL, 1),
(251, 'elodie', NULL, NULL, 1),
(252, 'Steph', NULL, NULL, 1),
(253, 'adeline', NULL, NULL, 1),
(254, 'Ana', NULL, NULL, 1),
(255, 'maguette', NULL, NULL, 1),
(256, 'maguette', NULL, NULL, 1),
(257, 'baba', NULL, NULL, 1),
(258, 'baba', NULL, NULL, 1),
(259, 'COGNA', NULL, NULL, 1),
(260, 'Cogna', NULL, NULL, 1),
(261, 'cogna Ndoye', NULL, NULL, 1),
(262, 'cogna Ndoye', NULL, NULL, 1),
(263, 'cogna Ndoye', NULL, NULL, 1),
(264, 'cogna Ndoye', NULL, NULL, 1),
(265, 'cogna Ndoye', NULL, NULL, 1),
(266, 'cogna Ndoye', NULL, NULL, 1),
(267, 'cogna Ndoye', NULL, NULL, 1),
(268, 'cogna Ndoye', NULL, NULL, 1),
(269, 'cogna Ndoye', NULL, NULL, 1),
(270, 'ma', NULL, NULL, 1),
(271, 'cogna ndoye', NULL, NULL, 1),
(272, 'cogna ndoye', NULL, NULL, 1),
(273, 'Cogna Ndoye', NULL, NULL, 1),
(274, 'Cogna Ndoye', NULL, NULL, 1),
(275, 'Cogna Ndoye', NULL, NULL, 1),
(276, 'Cogna Ndoye', NULL, NULL, 1),
(277, 'Cogna Ndoye', NULL, NULL, 1),
(278, 'Naim', NULL, NULL, 1),
(279, 'Naim', NULL, NULL, 1),
(280, 'Naim', NULL, NULL, 1),
(281, 'Jordan Gierschendorf', NULL, NULL, 1),
(282, 'Tony', NULL, NULL, 1),
(283, '4564654', NULL, NULL, 1),
(284, '654', NULL, NULL, 1),
(285, '5', NULL, NULL, 1),
(286, '874', NULL, NULL, 1),
(287, 'Anne', NULL, NULL, 1),
(288, 'Peter', NULL, NULL, 1),
(289, '65416', NULL, 1, 1),
(290, 'asdasd', NULL, 1, 1);

-- --------------------------------------------------------

--
-- Table structure for table `infotype`
--

CREATE TABLE IF NOT EXISTS `infotype` (
  `id` int(10) NOT NULL AUTO_INCREMENT,
  `standardFlag` tinyint(1) DEFAULT NULL,
  `info` varchar(500) COLLATE utf8_bin DEFAULT NULL,
  `person` int(10) DEFAULT NULL,
  PRIMARY KEY (`id`),
  KEY `person` (`person`)
) ENGINE=InnoDB  DEFAULT CHARSET=utf8 COLLATE=utf8_bin AUTO_INCREMENT=16 ;

--
-- Dumping data for table `infotype`
--

INSERT INTO `infotype` (`id`, `standardFlag`, `info`, `person`) VALUES
(1, 1, 'Firstname', NULL),
(2, 1, 'Lastname', NULL),
(3, 1, 'Age', NULL),
(4, 1, 'Nationality', NULL),
(7, 0, 'Age', 1),
(8, 0, 'Nationality', 1);

-- --------------------------------------------------------

--
-- Table structure for table `instruction`
--

CREATE TABLE IF NOT EXISTS `instruction` (
  `id` int(11) NOT NULL AUTO_INCREMENT,
  `standardFlag` tinyint(1) NOT NULL COMMENT '1=by user/0=standard',
  `text` varchar(500) COLLATE utf8_bin DEFAULT NULL,
  `personId` int(3) DEFAULT NULL,
  PRIMARY KEY (`id`),
  KEY `personId` (`personId`)
) ENGINE=InnoDB  DEFAULT CHARSET=utf8 COLLATE=utf8_bin AUTO_INCREMENT=68 ;

-- --------------------------------------------------------

--
-- Table structure for table `person`
--

CREATE TABLE IF NOT EXISTS `person` (
  `id` int(10) NOT NULL AUTO_INCREMENT,
  `firstName` varchar(100) COLLATE utf8_bin DEFAULT NULL,
  `lastName` varchar(100) COLLATE utf8_bin DEFAULT NULL,
  `email` varchar(255) COLLATE utf8_bin DEFAULT NULL,
  `password` varchar(255) COLLATE utf8_bin DEFAULT NULL,
  `colourBlindFlag` enum('0','1','','') COLLATE utf8_bin DEFAULT '1' COMMENT '0=Test not taken or not normal sight/ 1= Normal sight',
  `age` int(3) DEFAULT NULL,
  `sex` enum('male','female') COLLATE utf8_bin DEFAULT NULL,
  `nationality` varchar(255) COLLATE utf8_bin DEFAULT NULL,
  `title` varchar(100) COLLATE utf8_bin DEFAULT NULL,
  `phoneNumber` int(30) DEFAULT NULL,
  `creationDate` timestamp NOT NULL DEFAULT CURRENT_TIMESTAMP,
  `userType` int(10) NOT NULL,
  `isPublic` enum('0','1','','') COLLATE utf8_bin NOT NULL COMMENT '0=Hidden/1=Public',
  PRIMARY KEY (`id`),
  UNIQUE KEY `email` (`email`),
  KEY `userType` (`userType`)
) ENGINE=InnoDB  DEFAULT CHARSET=utf8 COLLATE=utf8_bin AUTO_INCREMENT=128 ;

--
-- Dumping data for table `person`
--

INSERT INTO `person` (`id`, `firstName`, `lastName`, `email`, `password`, `colourBlindFlag`, `age`, `sex`, `nationality`, `title`, `phoneNumber`, `creationDate`, `userType`, `isPublic`) VALUES
(1, 'Lars', 'Hansen', 'lars.hansen@gmail.com', '74bdb1e2736b3238a91dde1b02809f745b36ec82820017d3e5074b16a5701315d67e470f7cc4c4c0105f9c76c5169795f25b9477a516e78be231d66473341a97', '1', 45, 'male', 'Norway', 'Ph.D', 9111111, '0000-00-00 00:00:00', 0, '1'),
(3, 'Jens', 'Solbakken', 'jens.solbakken@hotmail.com', '74bdb1e2736b3238a91dde1b02809f745b36ec82820017d3e5074b16a5701315d67e470f7cc4c4c0105f9c76c5169795f25b9477a516e78be231d66473341a97', '0', 27, 'male', 'Denmark', NULL, 234842600, '0000-00-00 00:00:00', 2, '1'),
(4, 'Bernt', 'Ullbakk', 'bernt@gmail.com', '74bdb1e2736b3238a91dde1b02809f745b36ec82820017d3e5074b16a5701315d67e470f7cc4c4c0105f9c76c5169795f25b9477a516e78be231d66473341a97', '0', NULL, NULL, NULL, NULL, NULL, '2014-02-19 09:57:01', 2, '1'),
(5, 'Admin', 'Adminsen', 'admin@gmail.com', '74bdb1e2736b3238a91dde1b02809f745b36ec82820017d3e5074b16a5701315d67e470f7cc4c4c0105f9c76c5169795f25b9477a516e78be231d66473341a97', '0', 33, 'male', 'Sweden', 'Ph.D', 45671235, '2014-02-21 14:30:28', 1, '1'),
(6, 'Håkon', 'Ludvigsen', 'scientist@gmail.com', '74bdb1e2736b3238a91dde1b02809f745b36ec82820017d3e5074b16a5701315d67e470f7cc4c4c0105f9c76c5169795f25b9477a516e78be231d66473341a97', '0', 24, 'male', 'Netherlands', 'Ph.D', 45671455, '2014-02-21 14:31:27', 2, '1'),
(7, 'Observer', 'Observersen', 'observer@gmail.com', '74bdb1e2736b3238a91dde1b02809f745b36ec82820017d3e5074b16a5701315d67e470f7cc4c4c0105f9c76c5169795f25b9477a516e78be231d66473341a97', '1', 12, 'female', 'Argentina', 'Master', 2147483647, '2014-02-21 14:32:21', 3, '1'),
(8, 'Anonym', 'Anonymsen', 'ano@gmail.com', '74bdb1e2736b3238a91dde1b02809f745b36ec82820017d3e5074b16a5701315d67e470f7cc4c4c0105f9c76c5169795f25b9477a516e78be231d66473341a97', '0', NULL, NULL, NULL, NULL, NULL, '2014-02-25 17:32:13', 4, '1');

-- --------------------------------------------------------

--
-- Table structure for table `picture`
--

CREATE TABLE IF NOT EXISTS `picture` (
  `id` int(10) NOT NULL AUTO_INCREMENT,
  `name` varchar(255) COLLATE utf8_bin NOT NULL,
  `url` varchar(32) COLLATE utf8_bin NOT NULL,
  `isOriginal` tinyint(1) DEFAULT NULL COMMENT '1=Reproduction/0=Original. Picture not reproduction',
  `pictureSet` int(10) DEFAULT NULL,
  PRIMARY KEY (`id`),
  KEY `pictureSet` (`pictureSet`)
) ENGINE=InnoDB  DEFAULT CHARSET=utf8 COLLATE=utf8_bin AUTO_INCREMENT=626 ;

-- --------------------------------------------------------

--
-- Table structure for table `pictureorder`
--

CREATE TABLE IF NOT EXISTS `pictureorder` (
  `id` int(10) NOT NULL AUTO_INCREMENT,
  `pOrder` int(10) NOT NULL,
  `picture` int(10) DEFAULT NULL,
  `pictureQueue` int(10) DEFAULT NULL,
  PRIMARY KEY (`id`),
  KEY `picture` (`picture`),
  KEY `pictureQueue` (`pictureQueue`)
) ENGINE=InnoDB  DEFAULT CHARSET=utf8 COLLATE=utf8_bin AUTO_INCREMENT=1582 ;

--
-- Dumping data for table `pictureorder`
--

INSERT INTO `pictureorder` (`id`, `pOrder`, `picture`, `pictureQueue`) VALUES
(1, 0, 52, 8),
(2, 0, 56, 8),
(3, 1, 51, 8),
(4, 1, 54, 8),
(5, 2, 53, 8),
(6, 2, 56, 8),
(7, 3, 52, 8),
(8, 3, 53, 8),
(9, 4, 56, 8),
(10, 4, 57, 8),
(11, 5, 56, 8),
(12, 5, 58, 8),
(13, 6, 54, 8),
(14, 6, 57, 8),
(15, 7, 51, 8),
(16, 7, 58, 8),
(17, 8, 53, 8),
(18, 8, 54, 8),
(19, 9, 54, 8),
(20, 9, 56, 8),
(21, 10, 54, 8),
(22, 10, 58, 8),
(23, 11, 54, 8),
(24, 11, 55, 8),
(25, 12, 52, 8),
(26, 12, 54, 8),
(27, 13, 52, 8),
(28, 13, 58, 8),
(29, 14, 55, 8),
(30, 14, 57, 8),
(31, 15, 51, 8),
(32, 15, 52, 8),
(33, 16, 53, 8),
(34, 16, 58, 8),
(35, 17, 53, 8),
(36, 17, 55, 8),
(37, 18, 52, 8),
(38, 18, 55, 8),
(39, 19, 52, 8),
(40, 19, 57, 8),
(41, 20, 51, 8),
(42, 20, 57, 8),
(43, 21, 57, 8),
(44, 21, 58, 8),
(45, 22, 53, 8),
(46, 22, 57, 8),
(47, 23, 51, 8),
(48, 23, 55, 8),
(49, 24, 51, 8),
(50, 24, 56, 8),
(51, 25, 51, 8),
(52, 25, 53, 8),
(53, 26, 55, 8),
(54, 26, 58, 8),
(55, 27, 55, 8),
(56, 27, 56, 8),
(57, 0, 52, 9),
(58, 0, 53, 9),
(59, 1, 51, 9),
(60, 1, 53, 9),
(61, 2, 55, 9),
(62, 2, 56, 9),
(63, 3, 57, 9),
(64, 3, 58, 9),
(65, 4, 56, 9),
(66, 4, 58, 9),
(67, 5, 52, 9),
(68, 5, 58, 9),
(69, 6, 55, 9),
(70, 6, 58, 9),
(71, 7, 53, 9),
(72, 7, 55, 9),
(73, 8, 54, 9),
(74, 8, 57, 9),
(75, 9, 56, 9),
(76, 9, 57, 9),
(77, 10, 52, 9),
(78, 10, 55, 9),
(79, 11, 52, 9),
(80, 11, 56, 9),
(81, 12, 53, 9),
(82, 12, 57, 9),
(83, 13, 51, 9),
(84, 13, 56, 9),
(85, 14, 53, 9),
(86, 14, 58, 9),
(87, 15, 51, 9),
(88, 15, 52, 9),
(89, 16, 53, 9),
(90, 16, 54, 9),
(91, 17, 51, 9),
(92, 17, 55, 9),
(93, 18, 52, 9),
(94, 18, 57, 9),
(95, 19, 54, 9),
(96, 19, 56, 9),
(97, 20, 52, 9),
(98, 20, 54, 9),
(99, 21, 53, 9),
(100, 21, 56, 9),
(101, 22, 54, 9),
(102, 22, 55, 9),
(103, 23, 51, 9),
(104, 23, 57, 9),
(105, 24, 54, 9),
(106, 24, 58, 9),
(107, 25, 51, 9),
(108, 25, 54, 9),
(109, 26, 51, 9),
(110, 26, 58, 9),
(111, 27, 55, 9),
(112, 27, 57, 9),
(113, 0, 59, 13),
(114, 0, 60, 13),
(115, 0, 59, 15),
(116, 0, 60, 15),
(117, 0, 59, 17),
(118, 0, 60, 17),
(119, 0, 54, 21),
(120, 0, 58, 21),
(121, 1, 52, 21),
(122, 1, 57, 21),
(123, 2, 51, 21),
(124, 2, 54, 21),
(125, 3, 54, 21),
(126, 3, 57, 21),
(127, 4, 52, 21),
(128, 4, 55, 21),
(129, 5, 53, 21),
(130, 5, 56, 21),
(131, 6, 51, 21),
(132, 6, 56, 21),
(133, 7, 51, 21),
(134, 7, 57, 21),
(135, 8, 51, 21),
(136, 8, 52, 21),
(137, 9, 51, 21),
(138, 9, 53, 21),
(139, 10, 55, 21),
(140, 10, 56, 21),
(141, 11, 53, 21),
(142, 11, 57, 21),
(143, 12, 54, 21),
(144, 12, 56, 21),
(145, 13, 53, 21),
(146, 13, 55, 21),
(147, 14, 52, 21),
(148, 14, 58, 21),
(149, 15, 52, 21),
(150, 15, 53, 21),
(151, 16, 51, 21),
(152, 16, 58, 21),
(153, 17, 55, 21),
(154, 17, 58, 21),
(155, 18, 57, 21),
(156, 18, 58, 21),
(157, 19, 56, 21),
(158, 19, 57, 21),
(159, 20, 52, 21),
(160, 20, 54, 21),
(161, 21, 54, 21),
(162, 21, 55, 21),
(163, 22, 51, 21),
(164, 22, 55, 21),
(165, 23, 53, 21),
(166, 23, 58, 21),
(167, 24, 53, 21),
(168, 24, 54, 21),
(169, 25, 55, 21),
(170, 25, 57, 21),
(171, 26, 56, 21),
(172, 26, 58, 21),
(173, 27, 52, 21),
(174, 27, 56, 21),
(175, 0, 51, 22),
(176, 0, 52, 22),
(177, 1, 57, 22),
(178, 1, 58, 22),
(179, 2, 54, 22),
(180, 2, 55, 22),
(181, 3, 51, 22),
(182, 3, 55, 22),
(183, 4, 52, 22),
(184, 4, 58, 22),
(185, 5, 55, 22),
(186, 5, 58, 22),
(187, 6, 55, 22),
(188, 6, 56, 22),
(189, 7, 53, 22),
(190, 7, 55, 22),
(191, 8, 53, 22),
(192, 8, 54, 22),
(193, 9, 52, 22),
(194, 9, 57, 22),
(195, 10, 54, 22),
(196, 10, 56, 22),
(197, 11, 51, 22),
(198, 11, 56, 22),
(199, 12, 54, 22),
(200, 12, 58, 22),
(201, 13, 52, 22),
(202, 13, 55, 22),
(203, 14, 51, 22),
(204, 14, 58, 22),
(205, 15, 51, 22),
(206, 15, 57, 22),
(207, 16, 54, 22),
(208, 16, 57, 22),
(209, 17, 55, 22),
(210, 17, 57, 22),
(211, 18, 53, 22),
(212, 18, 57, 22),
(213, 19, 56, 22),
(214, 19, 57, 22),
(215, 20, 53, 22),
(216, 20, 58, 22),
(217, 21, 51, 22),
(218, 21, 53, 22),
(219, 22, 52, 22),
(220, 22, 53, 22),
(221, 23, 53, 22),
(222, 23, 56, 22),
(223, 24, 52, 22),
(224, 24, 56, 22),
(225, 25, 51, 22),
(226, 25, 54, 22),
(227, 26, 56, 22),
(228, 26, 58, 22),
(229, 27, 52, 22),
(230, 27, 54, 22),
(231, 0, 52, 23),
(232, 0, 54, 23),
(233, 1, 53, 23),
(234, 1, 54, 23),
(235, 2, 51, 23),
(236, 2, 58, 23),
(237, 3, 54, 23),
(238, 3, 58, 23),
(239, 4, 53, 23),
(240, 4, 55, 23),
(241, 5, 51, 23),
(242, 5, 56, 23),
(243, 6, 53, 23),
(244, 6, 58, 23),
(245, 7, 52, 23),
(246, 7, 55, 23),
(247, 8, 56, 23),
(248, 8, 57, 23),
(249, 9, 54, 23),
(250, 9, 56, 23),
(251, 10, 55, 23),
(252, 10, 56, 23),
(253, 11, 52, 23),
(254, 11, 57, 23),
(255, 12, 51, 23),
(256, 12, 53, 23),
(257, 13, 53, 23),
(258, 13, 56, 23),
(259, 14, 51, 23),
(260, 14, 57, 23),
(261, 15, 55, 23),
(262, 15, 58, 23),
(263, 16, 52, 23),
(264, 16, 58, 23),
(265, 17, 54, 23),
(266, 17, 55, 23),
(267, 18, 53, 23),
(268, 18, 57, 23),
(269, 19, 54, 23),
(270, 19, 57, 23),
(271, 20, 51, 23),
(272, 20, 52, 23),
(273, 21, 51, 23),
(274, 21, 54, 23),
(275, 22, 52, 23),
(276, 22, 53, 23),
(277, 23, 51, 23),
(278, 23, 55, 23),
(279, 24, 55, 23),
(280, 24, 57, 23),
(281, 25, 57, 23),
(282, 25, 58, 23),
(283, 26, 52, 23),
(284, 26, 56, 23),
(285, 27, 56, 23),
(286, 27, 58, 23),
(287, 0, 52, 24),
(288, 0, 53, 24),
(289, 1, 55, 24),
(290, 1, 58, 24),
(291, 2, 51, 24),
(292, 2, 57, 24),
(293, 3, 51, 24),
(294, 3, 53, 24),
(295, 4, 53, 24),
(296, 4, 54, 24),
(297, 5, 51, 24),
(298, 5, 56, 24),
(299, 6, 55, 24),
(300, 6, 57, 24),
(301, 7, 51, 24),
(302, 7, 58, 24),
(303, 8, 52, 24),
(304, 8, 56, 24),
(305, 9, 52, 24),
(306, 9, 54, 24),
(307, 10, 51, 24),
(308, 10, 55, 24),
(309, 11, 54, 24),
(310, 11, 57, 24),
(311, 12, 53, 24),
(312, 12, 56, 24),
(313, 13, 53, 24),
(314, 13, 55, 24),
(315, 14, 56, 24),
(316, 14, 58, 24),
(317, 15, 53, 24),
(318, 15, 58, 24),
(319, 16, 52, 24),
(320, 16, 58, 24),
(321, 17, 54, 24),
(322, 17, 58, 24),
(323, 18, 57, 24),
(324, 18, 58, 24),
(325, 19, 51, 24),
(326, 19, 54, 24),
(327, 20, 54, 24),
(328, 20, 56, 24),
(329, 21, 51, 24),
(330, 21, 52, 24),
(331, 22, 54, 24),
(332, 22, 55, 24),
(333, 23, 55, 24),
(334, 23, 56, 24),
(335, 24, 53, 24),
(336, 24, 57, 24),
(337, 25, 56, 24),
(338, 25, 57, 24),
(339, 26, 52, 24),
(340, 26, 57, 24),
(341, 27, 52, 24),
(342, 27, 55, 24),
(343, 0, 54, 25),
(344, 0, 55, 25),
(345, 1, 53, 25),
(346, 1, 55, 25),
(347, 2, 52, 25),
(348, 2, 53, 25),
(349, 3, 56, 25),
(350, 3, 57, 25),
(351, 4, 55, 25),
(352, 4, 57, 25),
(353, 5, 55, 25),
(354, 5, 56, 25),
(355, 6, 51, 25),
(356, 6, 53, 25),
(357, 7, 52, 25),
(358, 7, 58, 25),
(359, 8, 51, 25),
(360, 8, 54, 25),
(361, 9, 52, 25),
(362, 9, 56, 25),
(363, 10, 53, 25),
(364, 10, 57, 25),
(365, 11, 53, 25),
(366, 11, 58, 25),
(367, 12, 55, 25),
(368, 12, 58, 25),
(369, 13, 57, 25),
(370, 13, 58, 25),
(371, 14, 51, 25),
(372, 14, 55, 25),
(373, 15, 52, 25),
(374, 15, 55, 25),
(375, 16, 51, 25),
(376, 16, 52, 25),
(377, 17, 51, 25),
(378, 17, 58, 25),
(379, 18, 52, 25),
(380, 18, 57, 25),
(381, 19, 53, 25),
(382, 19, 56, 25),
(383, 20, 56, 25),
(384, 20, 58, 25),
(385, 21, 54, 25),
(386, 21, 56, 25),
(387, 22, 51, 25),
(388, 22, 56, 25),
(389, 23, 54, 25),
(390, 23, 58, 25),
(391, 24, 52, 25),
(392, 24, 54, 25),
(393, 25, 53, 25),
(394, 25, 54, 25),
(395, 26, 54, 25),
(396, 26, 57, 25),
(397, 27, 51, 25),
(398, 27, 57, 25),
(399, 0, 53, 26),
(400, 0, 54, 26),
(401, 1, 51, 26),
(402, 1, 53, 26),
(403, 2, 53, 26),
(404, 2, 57, 26),
(405, 3, 55, 26),
(406, 3, 58, 26),
(407, 4, 52, 26),
(408, 4, 54, 26),
(409, 5, 52, 26),
(410, 5, 53, 26),
(411, 6, 51, 26),
(412, 6, 54, 26),
(413, 7, 55, 26),
(414, 7, 56, 26),
(415, 8, 53, 26),
(416, 8, 56, 26),
(417, 9, 51, 26),
(418, 9, 52, 26),
(419, 10, 54, 26),
(420, 10, 55, 26),
(421, 11, 51, 26),
(422, 11, 58, 26),
(423, 12, 52, 26),
(424, 12, 57, 26),
(425, 13, 55, 26),
(426, 13, 57, 26),
(427, 14, 52, 26),
(428, 14, 55, 26),
(429, 15, 54, 26),
(430, 15, 57, 26),
(431, 16, 53, 26),
(432, 16, 58, 26),
(433, 17, 56, 26),
(434, 17, 58, 26),
(435, 18, 57, 26),
(436, 18, 58, 26),
(437, 19, 54, 26),
(438, 19, 56, 26),
(439, 20, 54, 26),
(440, 20, 58, 26),
(441, 21, 52, 26),
(442, 21, 56, 26),
(443, 22, 51, 26),
(444, 22, 57, 26),
(445, 23, 51, 26),
(446, 23, 55, 26),
(447, 24, 52, 26),
(448, 24, 58, 26),
(449, 25, 53, 26),
(450, 25, 55, 26),
(451, 26, 56, 26),
(452, 26, 57, 26),
(453, 27, 51, 26),
(454, 27, 56, 26),
(455, 0, 51, 27),
(456, 0, 55, 27),
(457, 1, 53, 27),
(458, 1, 56, 27),
(459, 2, 55, 27),
(460, 2, 57, 27),
(461, 3, 54, 27),
(462, 3, 55, 27),
(463, 4, 52, 27),
(464, 4, 53, 27),
(465, 5, 54, 27),
(466, 5, 56, 27),
(467, 6, 52, 27),
(468, 6, 56, 27),
(469, 7, 54, 27),
(470, 7, 58, 27),
(471, 8, 53, 27),
(472, 8, 58, 27),
(473, 9, 55, 27),
(474, 9, 56, 27),
(475, 10, 51, 27),
(476, 10, 53, 27),
(477, 11, 56, 27),
(478, 11, 57, 27),
(479, 12, 52, 27),
(480, 12, 55, 27),
(481, 13, 52, 27),
(482, 13, 58, 27),
(483, 14, 51, 27),
(484, 14, 54, 27),
(485, 15, 51, 27),
(486, 15, 57, 27),
(487, 16, 57, 27),
(488, 16, 58, 27),
(489, 17, 52, 27),
(490, 17, 54, 27),
(491, 18, 53, 27),
(492, 18, 55, 27),
(493, 19, 53, 27),
(494, 19, 57, 27),
(495, 20, 56, 27),
(496, 20, 58, 27),
(497, 21, 52, 27),
(498, 21, 57, 27),
(499, 22, 54, 27),
(500, 22, 57, 27),
(501, 23, 53, 27),
(502, 23, 54, 27),
(503, 24, 55, 27),
(504, 24, 58, 27),
(505, 25, 51, 27),
(506, 25, 52, 27),
(507, 26, 51, 27),
(508, 26, 56, 27),
(509, 27, 51, 27),
(510, 27, 58, 27),
(511, 0, 61, 28),
(512, 0, 62, 28),
(513, 0, 63, 28),
(514, 0, 64, 28),
(515, 0, 65, 28),
(516, 0, 66, 28),
(517, 0, 61, 29),
(518, 0, 62, 29),
(519, 0, 63, 29),
(520, 0, 64, 29),
(521, 0, 65, 29),
(522, 0, 66, 29),
(523, 0, 61, 30),
(524, 0, 62, 30),
(525, 0, 63, 30),
(526, 0, 64, 30),
(527, 0, 65, 30),
(528, 0, 66, 30),
(529, 0, 61, 30),
(530, 0, 62, 31),
(531, 0, 63, 31),
(532, 0, 64, 31),
(533, 0, 65, 31),
(534, 0, 66, 31),
(535, 0, 62, 32),
(536, 0, 65, 32),
(537, 1, 61, 32),
(538, 1, 65, 32),
(539, 2, 62, 32),
(540, 2, 63, 32),
(541, 3, 63, 32),
(542, 3, 64, 32),
(543, 4, 61, 32),
(544, 4, 63, 32),
(545, 5, 61, 32),
(546, 5, 64, 32),
(547, 6, 61, 32),
(548, 6, 62, 32),
(549, 7, 62, 32),
(550, 7, 64, 32),
(551, 8, 63, 32),
(552, 8, 65, 32),
(553, 9, 64, 32),
(554, 9, 65, 32),
(555, 0, 51, 33),
(556, 0, 55, 33),
(557, 1, 56, 33),
(558, 1, 57, 33),
(559, 2, 55, 33),
(560, 2, 58, 33),
(561, 3, 54, 33),
(562, 3, 55, 33),
(563, 4, 53, 33),
(564, 4, 58, 33),
(565, 5, 53, 33),
(566, 5, 56, 33),
(567, 6, 52, 33),
(568, 6, 55, 33),
(569, 7, 52, 33),
(570, 7, 53, 33),
(571, 8, 53, 33),
(572, 8, 57, 33),
(573, 9, 51, 33),
(574, 9, 52, 33),
(575, 10, 52, 33),
(576, 10, 56, 33),
(577, 11, 56, 33),
(578, 11, 58, 33),
(579, 12, 54, 33),
(580, 12, 57, 33),
(581, 13, 51, 33),
(582, 13, 57, 33),
(583, 14, 54, 33),
(584, 14, 58, 33),
(585, 15, 52, 33),
(586, 15, 54, 33),
(587, 16, 51, 33),
(588, 16, 53, 33),
(589, 17, 54, 33),
(590, 17, 56, 33),
(591, 18, 51, 33),
(592, 18, 58, 33),
(593, 19, 53, 33),
(594, 19, 55, 33),
(595, 20, 52, 33),
(596, 20, 58, 33),
(597, 21, 57, 33),
(598, 21, 58, 33),
(599, 22, 55, 33),
(600, 22, 57, 33),
(601, 23, 55, 33),
(602, 23, 56, 33),
(603, 24, 51, 33),
(604, 24, 54, 33),
(605, 25, 52, 33),
(606, 25, 57, 33),
(607, 26, 51, 33),
(608, 26, 56, 33),
(609, 27, 53, 33),
(610, 27, 54, 33),
(611, 0, 62, 34),
(612, 0, 63, 34),
(613, 1, 63, 34),
(614, 1, 65, 34),
(615, 2, 64, 34),
(616, 2, 65, 34),
(617, 3, 61, 34),
(618, 3, 64, 34),
(619, 4, 62, 34),
(620, 4, 65, 34),
(621, 5, 61, 34),
(622, 5, 63, 34),
(623, 6, 61, 34),
(624, 6, 65, 34),
(625, 7, 61, 34),
(626, 7, 62, 34),
(627, 8, 62, 34),
(628, 8, 64, 34),
(629, 9, 63, 34),
(630, 9, 64, 34),
(631, 0, 61, 35),
(632, 0, 65, 35),
(633, 1, 63, 35),
(634, 1, 64, 35),
(635, 2, 61, 35),
(636, 2, 64, 35),
(637, 3, 61, 35),
(638, 3, 63, 35),
(639, 4, 64, 35),
(640, 4, 65, 35),
(641, 5, 62, 35),
(642, 5, 65, 35),
(643, 6, 61, 35),
(644, 6, 62, 35),
(645, 7, 62, 35),
(646, 7, 63, 35),
(647, 8, 62, 35),
(648, 8, 64, 35),
(649, 9, 63, 35),
(650, 9, 65, 35),
(651, 0, 61, 36),
(652, 0, 65, 36),
(653, 1, 61, 36),
(654, 1, 63, 36),
(655, 2, 63, 36),
(656, 2, 65, 36),
(657, 3, 62, 36),
(658, 3, 65, 36),
(659, 4, 61, 36),
(660, 4, 62, 36),
(661, 5, 62, 36),
(662, 5, 64, 36),
(663, 6, 61, 36),
(664, 6, 64, 36),
(665, 7, 63, 36),
(666, 7, 64, 36),
(667, 8, 62, 36),
(668, 8, 63, 36),
(669, 9, 64, 36),
(670, 9, 65, 36),
(671, 0, 64, 37),
(672, 0, 65, 37),
(673, 1, 62, 37),
(674, 1, 63, 37),
(675, 2, 61, 37),
(676, 2, 63, 37),
(677, 3, 62, 37),
(678, 3, 65, 37),
(679, 4, 62, 37),
(680, 4, 64, 37),
(681, 5, 63, 37),
(682, 5, 65, 37),
(683, 6, 61, 37),
(684, 6, 64, 37),
(685, 7, 61, 37),
(686, 7, 62, 37),
(687, 8, 63, 37),
(688, 8, 64, 37),
(689, 9, 61, 37),
(690, 9, 65, 37),
(691, 0, 63, 38),
(692, 0, 64, 38),
(693, 1, 62, 38),
(694, 1, 63, 38),
(695, 2, 61, 38),
(696, 2, 65, 38),
(697, 3, 61, 38),
(698, 3, 62, 38),
(699, 4, 61, 38),
(700, 4, 64, 38),
(701, 5, 63, 38),
(702, 5, 65, 38),
(703, 6, 61, 38),
(704, 6, 63, 38),
(705, 7, 62, 38),
(706, 7, 65, 38),
(707, 8, 64, 38),
(708, 8, 65, 38),
(709, 9, 62, 38),
(710, 9, 64, 38),
(711, 0, 63, 39),
(712, 0, 64, 39),
(713, 1, 61, 39),
(714, 1, 62, 39),
(715, 2, 62, 39),
(716, 2, 63, 39),
(717, 3, 61, 39),
(718, 3, 63, 39),
(719, 4, 64, 39),
(720, 4, 65, 39),
(721, 5, 62, 39),
(722, 5, 65, 39),
(723, 6, 61, 39),
(724, 6, 65, 39),
(725, 7, 62, 39),
(726, 7, 64, 39),
(727, 8, 63, 39),
(728, 8, 65, 39),
(729, 9, 61, 39),
(730, 9, 64, 39),
(731, 0, 61, 40),
(732, 0, 62, 40),
(733, 0, 63, 40),
(734, 0, 64, 40),
(735, 0, 65, 40),
(736, 0, 66, 40),
(737, 0, 69, 41),
(738, 0, 70, 41),
(739, 1, 68, 41),
(740, 1, 70, 41),
(741, 2, 68, 41),
(742, 2, 69, 41),
(743, 0, 68, 42),
(744, 0, 69, 42),
(745, 1, 69, 42),
(746, 1, 70, 42),
(747, 2, 68, 42),
(748, 2, 70, 42),
(749, 0, 68, 43),
(750, 0, 69, 43),
(751, 1, 68, 43),
(752, 1, 70, 43),
(753, 2, 69, 43),
(754, 2, 70, 43),
(755, 0, 67, 44),
(756, 0, 68, 44),
(757, 0, 69, 44),
(758, 0, 70, 44),
(759, 0, 67, 45),
(760, 0, 68, 45),
(761, 0, 69, 45),
(762, 0, 70, 45),
(763, 0, 67, 46),
(764, 0, 68, 46),
(765, 0, 69, 46),
(766, 0, 70, 46),
(767, 0, 67, 47),
(768, 0, 68, 47),
(769, 0, 69, 47),
(770, 0, 70, 47),
(771, 0, 68, 48),
(772, 0, 69, 48),
(773, 0, 70, 48),
(774, 0, 68, 49),
(775, 0, 69, 49),
(776, 0, 70, 49),
(777, 0, 68, 50),
(778, 0, 69, 50),
(779, 0, 70, 50),
(780, 0, 68, 51),
(781, 0, 69, 51),
(782, 0, 70, 51),
(783, 0, 72, 52),
(784, 0, 75, 52),
(785, 1, 72, 52),
(786, 1, 74, 52),
(787, 2, 74, 52),
(788, 2, 75, 52),
(789, 3, 72, 52),
(790, 3, 73, 52),
(791, 4, 73, 52),
(792, 4, 75, 52),
(793, 5, 73, 52),
(794, 5, 74, 52),
(795, 0, 83, 53),
(796, 0, 85, 53),
(797, 1, 84, 53),
(798, 1, 86, 53),
(799, 2, 84, 53),
(800, 2, 85, 53),
(801, 3, 83, 53),
(802, 3, 84, 53),
(803, 4, 85, 53),
(804, 4, 86, 53),
(805, 5, 83, 53),
(806, 5, 86, 53),
(807, 0, 86, 54),
(808, 0, 87, 54),
(809, 1, 83, 54),
(810, 1, 87, 54),
(811, 2, 83, 54),
(812, 2, 86, 54),
(813, 3, 87, 54),
(814, 3, 88, 54),
(815, 4, 86, 54),
(816, 4, 88, 54),
(817, 5, 83, 54),
(818, 5, 88, 54),
(819, 0, 83, 55),
(820, 0, 86, 55),
(821, 0, 87, 55),
(822, 0, 88, 55),
(823, 0, 83, 56),
(824, 0, 86, 56),
(825, 0, 87, 56),
(826, 0, 88, 56),
(827, 0, 89, 57),
(828, 0, 90, 57),
(829, 0, 91, 57),
(830, 0, 92, 57),
(831, 0, 93, 57),
(832, 0, 94, 57),
(833, 0, 96, 58),
(834, 0, 97, 58),
(835, 0, 99, 59),
(836, 0, 100, 59),
(837, 0, 103, 60),
(838, 0, 104, 60),
(839, 0, 103, 61),
(840, 0, 104, 61),
(841, 0, 103, 62),
(842, 0, 104, 62),
(843, 0, 106, 63),
(844, 0, 107, 63),
(845, 0, 108, 64),
(846, 0, 111, 64),
(847, 1, 108, 64),
(848, 1, 109, 64),
(849, 2, 109, 64),
(850, 2, 111, 64),
(851, 0, 108, 65),
(852, 0, 109, 65),
(853, 0, 111, 65),
(854, 0, 108, 66),
(855, 0, 109, 66),
(856, 0, 111, 66),
(857, 0, 113, 67),
(858, 0, 114, 67),
(859, 0, 115, 67),
(860, 0, 116, 67),
(861, 0, 117, 67),
(862, 0, 118, 67),
(863, 0, 120, 68),
(864, 0, 121, 68),
(865, 0, 122, 68),
(866, 0, 123, 68),
(867, 0, 124, 68),
(868, 0, 125, 68),
(869, 0, 108, 69),
(870, 0, 109, 69),
(871, 0, 111, 69),
(872, 0, 108, 70),
(873, 0, 109, 70),
(874, 0, 111, 70),
(875, 0, 108, 71),
(876, 0, 109, 71),
(877, 0, 111, 71),
(878, 0, 128, 72),
(879, 0, 129, 72),
(880, 0, 130, 72),
(881, 0, 131, 72),
(882, 0, 132, 72),
(883, 0, 133, 72),
(884, 0, 134, 72),
(885, 0, 136, 73),
(886, 0, 137, 73),
(887, 0, 138, 73),
(888, 0, 139, 73),
(889, 0, 140, 73),
(890, 0, 141, 73),
(891, 0, 142, 73),
(892, 0, 144, 74),
(893, 0, 145, 74),
(894, 0, 146, 74),
(895, 0, 147, 74),
(896, 0, 148, 74),
(897, 0, 149, 74),
(898, 0, 150, 74),
(899, 0, 184, 75),
(900, 0, 185, 75),
(901, 0, 186, 75),
(902, 0, 187, 75),
(903, 0, 188, 75),
(904, 0, 189, 75),
(905, 0, 190, 75),
(906, 0, 313, 76),
(907, 0, 314, 76),
(908, 0, 315, 76),
(909, 0, 316, 76),
(910, 0, 317, 76),
(911, 0, 318, 76),
(912, 0, 319, 76),
(913, 0, 200, 77),
(914, 0, 201, 77),
(915, 0, 202, 77),
(916, 0, 203, 77),
(917, 0, 204, 77),
(918, 0, 205, 77),
(919, 0, 206, 77),
(920, 0, 208, 78),
(921, 0, 209, 78),
(922, 0, 210, 78),
(923, 0, 211, 78),
(924, 0, 212, 78),
(925, 0, 213, 78),
(926, 0, 214, 78),
(927, 0, 329, 79),
(928, 0, 330, 79),
(929, 0, 331, 79),
(930, 0, 332, 79),
(931, 0, 333, 79),
(932, 0, 334, 79),
(933, 0, 335, 79),
(934, 0, 232, 80),
(935, 0, 233, 80),
(936, 0, 234, 80),
(937, 0, 235, 80),
(938, 0, 236, 80),
(939, 0, 237, 80),
(940, 0, 238, 80),
(941, 0, 345, 81),
(942, 0, 346, 81),
(943, 0, 347, 81),
(944, 0, 348, 81),
(945, 0, 349, 81),
(946, 0, 350, 81),
(947, 0, 351, 81),
(948, 0, 248, 82),
(949, 0, 249, 82),
(950, 0, 250, 82),
(951, 0, 251, 82),
(952, 0, 252, 82),
(953, 0, 253, 82),
(954, 0, 254, 82),
(955, 0, 256, 83),
(956, 0, 257, 83),
(957, 0, 258, 83),
(958, 0, 259, 83),
(959, 0, 260, 83),
(960, 0, 261, 83),
(961, 0, 262, 83),
(962, 0, 304, 84),
(963, 0, 305, 84),
(964, 0, 306, 84),
(965, 0, 307, 84),
(966, 0, 308, 84),
(967, 0, 309, 84),
(968, 0, 310, 84),
(969, 0, 184, 85),
(970, 0, 185, 85),
(971, 0, 186, 85),
(972, 0, 187, 85),
(973, 0, 188, 85),
(974, 0, 189, 85),
(975, 0, 190, 85),
(976, 0, 313, 86),
(977, 0, 314, 86),
(978, 0, 315, 86),
(979, 0, 316, 86),
(980, 0, 317, 86),
(981, 0, 318, 86),
(982, 0, 319, 86),
(983, 0, 200, 87),
(984, 0, 201, 87),
(985, 0, 202, 87),
(986, 0, 203, 87),
(987, 0, 204, 87),
(988, 0, 205, 87),
(989, 0, 206, 87),
(990, 0, 208, 88),
(991, 0, 209, 88),
(992, 0, 210, 88),
(993, 0, 211, 88),
(994, 0, 212, 88),
(995, 0, 213, 88),
(996, 0, 214, 88),
(997, 0, 353, 89),
(998, 0, 354, 89),
(999, 0, 355, 89),
(1000, 0, 356, 89),
(1001, 0, 357, 89),
(1002, 0, 358, 89),
(1003, 0, 359, 89),
(1004, 0, 232, 90),
(1005, 0, 233, 90),
(1006, 0, 234, 90),
(1007, 0, 235, 90),
(1008, 0, 236, 90),
(1009, 0, 237, 90),
(1010, 0, 238, 90),
(1011, 0, 345, 91),
(1012, 0, 346, 91),
(1013, 0, 347, 91),
(1014, 0, 348, 91),
(1015, 0, 349, 91),
(1016, 0, 350, 91),
(1017, 0, 351, 91),
(1018, 0, 248, 92),
(1019, 0, 249, 92),
(1020, 0, 250, 92),
(1021, 0, 251, 92),
(1022, 0, 252, 92),
(1023, 0, 253, 92),
(1024, 0, 254, 92),
(1025, 0, 256, 93),
(1026, 0, 257, 93),
(1027, 0, 258, 93),
(1028, 0, 259, 93),
(1029, 0, 260, 93),
(1030, 0, 261, 93),
(1031, 0, 262, 93),
(1032, 0, 361, 94),
(1033, 0, 362, 94),
(1034, 0, 363, 94),
(1035, 0, 364, 94),
(1036, 0, 365, 94),
(1037, 0, 366, 94),
(1038, 0, 367, 94),
(1039, 0, 108, 95),
(1040, 0, 109, 95),
(1041, 0, 111, 95),
(1042, 0, 99, 96),
(1043, 0, 100, 96),
(1044, 0, 108, 97),
(1045, 0, 109, 97),
(1046, 1, 108, 97),
(1047, 1, 111, 97),
(1048, 2, 109, 97),
(1049, 2, 111, 97),
(1050, 0, 108, 98),
(1051, 0, 109, 98),
(1052, 0, 111, 98),
(1053, 0, 108, 99),
(1054, 0, 111, 99),
(1055, 1, 109, 99),
(1056, 1, 111, 99),
(1057, 2, 108, 99),
(1058, 2, 109, 99),
(1059, 0, 99, 100),
(1060, 0, 100, 100),
(1061, 0, 109, 101),
(1062, 0, 111, 101),
(1063, 1, 108, 101),
(1064, 1, 109, 101),
(1065, 2, 108, 101),
(1066, 2, 111, 101),
(1067, 0, 108, 102),
(1068, 0, 109, 102),
(1069, 0, 111, 102),
(1070, 0, 108, 103),
(1071, 0, 109, 103),
(1072, 0, 111, 103),
(1073, 0, 370, 104),
(1074, 0, 371, 104),
(1075, 0, 370, 105),
(1076, 0, 371, 105),
(1077, 0, 373, 106),
(1078, 0, 374, 106),
(1079, 0, 375, 107),
(1080, 0, 376, 107),
(1081, 0, 377, 107),
(1082, 0, 375, 108),
(1083, 0, 377, 108),
(1084, 1, 376, 108),
(1085, 1, 377, 108),
(1086, 2, 375, 108),
(1087, 2, 376, 108),
(1088, 0, 375, 109),
(1089, 0, 376, 109),
(1090, 0, 377, 109),
(1091, 0, 370, 110),
(1092, 0, 371, 110),
(1093, 0, 375, 111),
(1094, 0, 376, 111),
(1095, 0, 377, 111),
(1096, 0, 108, 112),
(1097, 0, 109, 112),
(1098, 0, 111, 112),
(1099, 0, 379, 113),
(1100, 0, 380, 113),
(1101, 0, 381, 113),
(1102, 0, 382, 113),
(1103, 0, 383, 113),
(1104, 0, 384, 113),
(1105, 0, 385, 113),
(1106, 0, 387, 114),
(1107, 0, 388, 114),
(1108, 0, 389, 114),
(1109, 0, 390, 114),
(1110, 0, 391, 114),
(1111, 0, 392, 114),
(1112, 0, 393, 114),
(1113, 0, 395, 115),
(1114, 0, 396, 115),
(1115, 0, 397, 115),
(1116, 0, 398, 115),
(1117, 0, 399, 115),
(1118, 0, 400, 115),
(1119, 0, 401, 115),
(1120, 0, 411, 116),
(1121, 0, 412, 116),
(1122, 0, 413, 116),
(1123, 0, 414, 116),
(1124, 0, 415, 116),
(1125, 0, 416, 116),
(1126, 0, 417, 116),
(1127, 0, 419, 117),
(1128, 0, 420, 117),
(1129, 0, 421, 117),
(1130, 0, 422, 117),
(1131, 0, 423, 117),
(1132, 0, 424, 117),
(1133, 0, 425, 117),
(1134, 0, 427, 118),
(1135, 0, 428, 118),
(1136, 0, 429, 118),
(1137, 0, 430, 118),
(1138, 0, 431, 118),
(1139, 0, 432, 118),
(1140, 0, 433, 118),
(1141, 0, 451, 119),
(1142, 0, 452, 119),
(1143, 0, 453, 119),
(1144, 0, 454, 119),
(1145, 0, 455, 119),
(1146, 0, 456, 119),
(1147, 0, 457, 119),
(1148, 0, 459, 120),
(1149, 0, 460, 120),
(1150, 0, 461, 120),
(1151, 0, 462, 120),
(1152, 0, 463, 120),
(1153, 0, 464, 120),
(1154, 0, 465, 120),
(1155, 0, 469, 121),
(1156, 0, 470, 121),
(1157, 0, 471, 121),
(1158, 0, 472, 121),
(1159, 0, 473, 121),
(1160, 0, 474, 121),
(1161, 0, 475, 121),
(1162, 0, 477, 122),
(1163, 0, 478, 122),
(1164, 0, 479, 122),
(1165, 0, 480, 122),
(1166, 0, 481, 122),
(1167, 0, 482, 122),
(1168, 0, 483, 122),
(1169, 0, 485, 123),
(1170, 0, 486, 123),
(1171, 0, 487, 123),
(1172, 0, 488, 123),
(1173, 0, 489, 123),
(1174, 0, 490, 123),
(1175, 0, 491, 123),
(1176, 0, 379, 124),
(1177, 0, 380, 124),
(1178, 0, 381, 124),
(1179, 0, 382, 124),
(1180, 0, 383, 124),
(1181, 0, 384, 124),
(1182, 0, 385, 124),
(1183, 0, 387, 125),
(1184, 0, 388, 125),
(1185, 0, 389, 125),
(1186, 0, 390, 125),
(1187, 0, 391, 125),
(1188, 0, 392, 125),
(1189, 0, 393, 125),
(1190, 0, 395, 126),
(1191, 0, 396, 126),
(1192, 0, 397, 126),
(1193, 0, 398, 126),
(1194, 0, 399, 126),
(1195, 0, 400, 126),
(1196, 0, 401, 126),
(1197, 0, 411, 127),
(1198, 0, 412, 127),
(1199, 0, 413, 127),
(1200, 0, 414, 127),
(1201, 0, 415, 127),
(1202, 0, 416, 127),
(1203, 0, 417, 127),
(1204, 0, 419, 128),
(1205, 0, 420, 128),
(1206, 0, 421, 128),
(1207, 0, 422, 128),
(1208, 0, 423, 128),
(1209, 0, 424, 128),
(1210, 0, 425, 128),
(1211, 0, 427, 129),
(1212, 0, 428, 129),
(1213, 0, 429, 129),
(1214, 0, 430, 129),
(1215, 0, 431, 129),
(1216, 0, 432, 129),
(1217, 0, 433, 129),
(1218, 0, 451, 130),
(1219, 0, 452, 130),
(1220, 0, 453, 130),
(1221, 0, 454, 130),
(1222, 0, 455, 130),
(1223, 0, 456, 130),
(1224, 0, 457, 130),
(1225, 0, 459, 131),
(1226, 0, 460, 131),
(1227, 0, 461, 131),
(1228, 0, 462, 131),
(1229, 0, 463, 131),
(1230, 0, 464, 131),
(1231, 0, 465, 131),
(1232, 0, 469, 132),
(1233, 0, 470, 132),
(1234, 0, 471, 132),
(1235, 0, 472, 132),
(1236, 0, 473, 132),
(1237, 0, 474, 132),
(1238, 0, 475, 132),
(1239, 0, 477, 133),
(1240, 0, 478, 133),
(1241, 0, 479, 133),
(1242, 0, 480, 133),
(1243, 0, 481, 133),
(1244, 0, 482, 133),
(1245, 0, 483, 133),
(1246, 0, 485, 134),
(1247, 0, 486, 134),
(1248, 0, 487, 134),
(1249, 0, 488, 134),
(1250, 0, 489, 134),
(1251, 0, 490, 134),
(1252, 0, 491, 134),
(1253, 0, 379, 135),
(1254, 0, 382, 135),
(1255, 0, 385, 135),
(1256, 0, 387, 136),
(1257, 0, 388, 136),
(1258, 0, 389, 136),
(1259, 0, 390, 136),
(1260, 0, 391, 136),
(1261, 0, 392, 136),
(1262, 0, 393, 136),
(1263, 0, 395, 137),
(1264, 0, 396, 137),
(1265, 0, 397, 137),
(1266, 0, 398, 137),
(1267, 0, 399, 137),
(1268, 0, 400, 137),
(1269, 0, 401, 137),
(1270, 0, 411, 138),
(1271, 0, 412, 138),
(1272, 0, 413, 138),
(1273, 0, 414, 138),
(1274, 0, 415, 138),
(1275, 0, 416, 138),
(1276, 0, 417, 138),
(1277, 0, 419, 139),
(1278, 0, 420, 139),
(1279, 0, 421, 139),
(1280, 0, 422, 139),
(1281, 0, 423, 139),
(1282, 0, 424, 139),
(1283, 0, 425, 139),
(1284, 0, 427, 140),
(1285, 0, 428, 140),
(1286, 0, 429, 140),
(1287, 0, 430, 140),
(1288, 0, 431, 140),
(1289, 0, 432, 140),
(1290, 0, 433, 140),
(1291, 0, 451, 141),
(1292, 0, 452, 141),
(1293, 0, 453, 141),
(1294, 0, 454, 141),
(1295, 0, 455, 141),
(1296, 0, 456, 141),
(1297, 0, 457, 141),
(1298, 0, 459, 142),
(1299, 0, 460, 142),
(1300, 0, 461, 142),
(1301, 0, 462, 142),
(1302, 0, 463, 142),
(1303, 0, 464, 142),
(1304, 0, 465, 142),
(1305, 0, 469, 143),
(1306, 0, 470, 143),
(1307, 0, 471, 143),
(1308, 0, 472, 143),
(1309, 0, 473, 143),
(1310, 0, 474, 143),
(1311, 0, 475, 143),
(1312, 0, 477, 144),
(1313, 0, 478, 144),
(1314, 0, 479, 144),
(1315, 0, 480, 144),
(1316, 0, 481, 144),
(1317, 0, 482, 144),
(1318, 0, 483, 144),
(1319, 0, 485, 145),
(1320, 0, 486, 145),
(1321, 0, 487, 145),
(1322, 0, 488, 145),
(1323, 0, 489, 145),
(1324, 0, 490, 145),
(1325, 0, 491, 145),
(1326, 0, 379, 146),
(1327, 0, 382, 146),
(1328, 0, 385, 146),
(1329, 0, 387, 147),
(1330, 0, 388, 147),
(1331, 0, 389, 147),
(1332, 0, 390, 147),
(1333, 0, 391, 147),
(1334, 0, 392, 147),
(1335, 0, 393, 147),
(1336, 0, 395, 148),
(1337, 0, 396, 148),
(1338, 0, 397, 148),
(1339, 0, 398, 148),
(1340, 0, 399, 148),
(1341, 0, 400, 148),
(1342, 0, 401, 148),
(1343, 0, 411, 149),
(1344, 0, 412, 149),
(1345, 0, 413, 149),
(1346, 0, 414, 149),
(1347, 0, 415, 149),
(1348, 0, 416, 149),
(1349, 0, 417, 149),
(1350, 0, 419, 150),
(1351, 0, 420, 150),
(1352, 0, 421, 150),
(1353, 0, 422, 150),
(1354, 0, 423, 150),
(1355, 0, 424, 150),
(1356, 0, 425, 150),
(1357, 0, 427, 151),
(1358, 0, 428, 151),
(1359, 0, 429, 151),
(1360, 0, 430, 151),
(1361, 0, 431, 151),
(1362, 0, 432, 151),
(1363, 0, 433, 151),
(1364, 0, 451, 152),
(1365, 0, 452, 152),
(1366, 0, 453, 152),
(1367, 0, 454, 152),
(1368, 0, 455, 152),
(1369, 0, 456, 152),
(1370, 0, 457, 152),
(1371, 0, 459, 153),
(1372, 0, 460, 153),
(1373, 0, 461, 153),
(1374, 0, 462, 153),
(1375, 0, 463, 153),
(1376, 0, 464, 153),
(1377, 0, 465, 153),
(1378, 0, 469, 154),
(1379, 0, 470, 154),
(1380, 0, 471, 154),
(1381, 0, 472, 154),
(1382, 0, 473, 154),
(1383, 0, 474, 154),
(1384, 0, 475, 154),
(1385, 0, 477, 155),
(1386, 0, 478, 155),
(1387, 0, 479, 155),
(1388, 0, 480, 155),
(1389, 0, 481, 155),
(1390, 0, 482, 155),
(1391, 0, 483, 155),
(1392, 0, 485, 156),
(1393, 0, 486, 156),
(1394, 0, 487, 156),
(1395, 0, 488, 156),
(1396, 0, 489, 156),
(1397, 0, 490, 156),
(1398, 0, 491, 156),
(1399, 0, 494, 157),
(1400, 0, 495, 157),
(1401, 0, 496, 158),
(1402, 0, 497, 158),
(1403, 0, 499, 159),
(1404, 0, 500, 159),
(1405, 0, 503, 160),
(1406, 0, 504, 160),
(1407, 0, 503, 161),
(1408, 0, 504, 161),
(1409, 0, 506, 162),
(1410, 0, 507, 162),
(1411, 0, 508, 162),
(1412, 0, 509, 162),
(1413, 0, 510, 163),
(1414, 0, 511, 163),
(1415, 0, 513, 163),
(1416, 0, 514, 163),
(1417, 0, 515, 164),
(1418, 0, 516, 164),
(1419, 0, 517, 164),
(1420, 0, 518, 164),
(1421, 0, 520, 165),
(1422, 0, 521, 165),
(1423, 0, 522, 165),
(1424, 0, 524, 165),
(1425, 0, 525, 166),
(1426, 0, 527, 166),
(1427, 0, 528, 166),
(1428, 0, 529, 166),
(1429, 0, 506, 167),
(1430, 0, 507, 167),
(1431, 0, 508, 167),
(1432, 0, 509, 167),
(1433, 0, 510, 168),
(1434, 0, 511, 168),
(1435, 0, 513, 168),
(1436, 0, 514, 168),
(1437, 0, 515, 169),
(1438, 0, 516, 169),
(1439, 0, 517, 169),
(1440, 0, 518, 169),
(1441, 0, 520, 170),
(1442, 0, 521, 170),
(1443, 0, 522, 170),
(1444, 0, 524, 170),
(1445, 0, 525, 171),
(1446, 0, 527, 171),
(1447, 0, 528, 171),
(1448, 0, 529, 171),
(1449, 0, 505, 172),
(1450, 0, 508, 172),
(1451, 0, 509, 172),
(1452, 0, 530, 172),
(1453, 0, 510, 173),
(1454, 0, 512, 173),
(1455, 0, 513, 173),
(1456, 0, 514, 173),
(1457, 0, 515, 174),
(1458, 0, 517, 174),
(1459, 0, 518, 174),
(1460, 0, 519, 174),
(1461, 0, 520, 175),
(1462, 0, 522, 175),
(1463, 0, 523, 175),
(1464, 0, 524, 175),
(1465, 0, 525, 176),
(1466, 0, 527, 176),
(1467, 0, 528, 176),
(1468, 0, 529, 176),
(1469, 0, 505, 177),
(1470, 0, 506, 177),
(1471, 0, 508, 177),
(1472, 0, 509, 177),
(1473, 0, 530, 177),
(1474, 0, 510, 178),
(1475, 0, 511, 178),
(1476, 0, 512, 178),
(1477, 0, 513, 178),
(1478, 0, 514, 178),
(1479, 0, 515, 179),
(1480, 0, 516, 179),
(1481, 0, 517, 179),
(1482, 0, 518, 179),
(1483, 0, 519, 179),
(1484, 0, 520, 180),
(1485, 0, 521, 180),
(1486, 0, 522, 180),
(1487, 0, 523, 180),
(1488, 0, 524, 180),
(1489, 0, 525, 181),
(1490, 0, 526, 181),
(1491, 0, 527, 181),
(1492, 0, 528, 181),
(1493, 0, 529, 181),
(1494, 0, 536, 182),
(1495, 0, 537, 182),
(1496, 0, 536, 183),
(1497, 0, 537, 183),
(1498, 0, 541, 185),
(1499, 0, 541, 186),
(1500, 0, 544, 186),
(1501, 0, 547, 189),
(1502, 0, 548, 189),
(1503, 0, 549, 189),
(1504, 0, 550, 189),
(1505, 0, 551, 189),
(1506, 0, 547, 191),
(1507, 0, 548, 191),
(1508, 0, 549, 191),
(1509, 0, 550, 191),
(1510, 0, 551, 191),
(1511, 0, 552, 192),
(1512, 0, 547, 193),
(1513, 0, 548, 193),
(1514, 0, 549, 193),
(1515, 0, 550, 193),
(1516, 0, 551, 193),
(1517, 0, 553, 193),
(1518, 0, 555, 194),
(1519, 0, 557, 195),
(1520, 0, 559, 196),
(1521, 0, 552, 197),
(1522, 0, 561, 198),
(1523, 0, 562, 198),
(1524, 0, 563, 198),
(1525, 0, 564, 198),
(1526, 0, 565, 198),
(1527, 0, 566, 198),
(1528, 0, 567, 198),
(1529, 0, 568, 198),
(1530, 0, 569, 198),
(1531, 0, 570, 198),
(1532, 0, 571, 198),
(1533, 0, 572, 198),
(1534, 0, 573, 198),
(1535, 0, 574, 198),
(1536, 0, 575, 198),
(1537, 0, 576, 198),
(1538, 0, 577, 198),
(1539, 0, 578, 198),
(1540, 0, 579, 198),
(1541, 0, 580, 198),
(1542, 0, 581, 198),
(1543, 0, 582, 198),
(1544, 0, 552, 199),
(1545, 0, 583, 200),
(1546, 0, 584, 200),
(1547, 0, 586, 200),
(1548, 0, 587, 200),
(1549, 0, 588, 200),
(1550, 0, 589, 200),
(1551, 0, 590, 200),
(1552, 0, 591, 200),
(1553, 0, 592, 200),
(1554, 0, 594, 201),
(1555, 0, 595, 201),
(1556, 0, 596, 201),
(1557, 0, 597, 201),
(1558, 0, 598, 201),
(1559, 0, 599, 201),
(1560, 0, 600, 201),
(1561, 0, 602, 202),
(1562, 0, 603, 202),
(1563, 0, 604, 202),
(1564, 0, 602, 203),
(1565, 0, 603, 203),
(1566, 0, 604, 203),
(1567, 0, 602, 204),
(1568, 0, 603, 204),
(1569, 0, 604, 204),
(1570, 0, 602, 205),
(1571, 0, 603, 205),
(1572, 0, 604, 205),
(1573, 0, 602, 206),
(1574, 0, 604, 206),
(1575, 1, 602, 206),
(1576, 1, 603, 206),
(1577, 2, 603, 206),
(1578, 2, 604, 206),
(1579, 0, 623, 207),
(1580, 0, 624, 207),
(1581, 0, 625, 207);

-- --------------------------------------------------------

--
-- Table structure for table `picturequeue`
--

CREATE TABLE IF NOT EXISTS `picturequeue` (
  `id` int(10) NOT NULL AUTO_INCREMENT,
  `title` varchar(30) COLLATE utf8_bin DEFAULT NULL COMMENT 'Name of queue. Reusability of queue',
  PRIMARY KEY (`id`)
) ENGINE=InnoDB  DEFAULT CHARSET=utf8 COLLATE=utf8_bin AUTO_INCREMENT=208 ;

-- --------------------------------------------------------

--
-- Table structure for table `pictureset`
--

CREATE TABLE IF NOT EXISTS `pictureset` (
  `id` int(10) NOT NULL AUTO_INCREMENT,
  `name` varchar(500) COLLATE utf8_bin DEFAULT NULL,
  `text` varchar(500) COLLATE utf8_bin DEFAULT NULL,
  `pictureAmount` int(10) NOT NULL COMMENT 'Number of picture in set',
  `person` int(10) NOT NULL,
  PRIMARY KEY (`id`),
  KEY `person` (`person`)
) ENGINE=InnoDB  DEFAULT CHARSET=utf8 COLLATE=utf8_bin AUTO_INCREMENT=100 ;

-- --------------------------------------------------------

--
-- Table structure for table `result`
--

CREATE TABLE IF NOT EXISTS `result` (
  `id` int(11) NOT NULL AUTO_INCREMENT,
  `created` timestamp NOT NULL DEFAULT CURRENT_TIMESTAMP,
  `type` enum('category','rating','pair') COLLATE utf8_bin DEFAULT NULL,
  `experimentId` int(10) DEFAULT NULL,
  `pictureOrderId` int(10) DEFAULT NULL,
  `chooseNone` int(10) DEFAULT NULL,
  `personId` int(3) DEFAULT NULL,
  `category` int(3) DEFAULT NULL,
  PRIMARY KEY (`id`),
  KEY `experimentId` (`experimentId`),
  KEY `pictureOrder` (`pictureOrderId`),
  KEY `personId` (`personId`),
  KEY `category` (`category`)
) ENGINE=InnoDB  DEFAULT CHARSET=utf8 COLLATE=utf8_bin AUTO_INCREMENT=937 ;

-- --------------------------------------------------------

--
-- Table structure for table `usertype`
--

CREATE TABLE IF NOT EXISTS `usertype` (
  `id` int(11) NOT NULL AUTO_INCREMENT,
  `title` varchar(255) COLLATE utf8_bin NOT NULL,
  `description` varchar(500) COLLATE utf8_bin NOT NULL,
  PRIMARY KEY (`id`)
) ENGINE=InnoDB  DEFAULT CHARSET=utf8 COLLATE=utf8_bin AUTO_INCREMENT=5 ;

--
-- Dumping data for table `usertype`
--

INSERT INTO `usertype` (`id`, `title`, `description`) VALUES
(0, 'Superuser', 'Control of the whole system'),
(1, 'Admin', 'Control of whole system for a particular organization/institute'),
(2, 'Scientist', 'Researcher'),
(3, 'Observer', 'A normal user only allowed to perform experiments'),
(4, 'Anonymous', 'Not registered user');

-- --------------------------------------------------------

--
-- Table structure for table `workplace`
--

CREATE TABLE IF NOT EXISTS `workplace` (
  `id` int(11) NOT NULL AUTO_INCREMENT,
  `name` varchar(255) COLLATE utf8_bin DEFAULT NULL,
  `country` varchar(255) COLLATE utf8_bin DEFAULT NULL,
  `description` varchar(1000) COLLATE utf8_bin DEFAULT NULL,
  `type` tinyint(1) DEFAULT NULL COMMENT '0=Institute/1=organization',
  PRIMARY KEY (`id`)
) ENGINE=InnoDB  DEFAULT CHARSET=utf8 COLLATE=utf8_bin AUTO_INCREMENT=11 ;

--
-- Dumping data for table `workplace`
--

INSERT INTO `workplace` (`id`, `name`, `country`, `description`, `type`) VALUES
(2, 'Gjøvik University College (GUC)', 'Norway', 'GUC is a Norwegian university college with an international perspective. Currently, there are 30 countries represented among our staff.\r\n\r\nGUC was established as a result of the reorganisation of Norwegian higher education in 1994 when the Gjøvik College of Engineering and the College of Nursing in Oppland were merged into a single college.', 0),
(3, 'Lillehammer University College', 'Norway', 'Lillehammer University College (LUC) is located in beautiful surroundings in central eastern Norway. The institution has a long tradition as education provider and is part of the Norwegian public higher education system. LUC is situated just outside the city of Lillehammer and has approximately 4200 students and an academic and administrative staff of 330 employees. All on one campus.', 0);

-- --------------------------------------------------------

--
-- Table structure for table `workplacebelongs`
--

CREATE TABLE IF NOT EXISTS `workplacebelongs` (
  `personId` int(11) NOT NULL,
  `workPlace` int(10) DEFAULT NULL,
  `id` int(5) DEFAULT NULL,
  UNIQUE KEY `id` (`id`),
  KEY `workPlace` (`workPlace`),
  KEY `personId` (`personId`)
) ENGINE=InnoDB DEFAULT CHARSET=utf8 COLLATE=utf8_bin;

--
-- Constraints for dumped tables
--

--
-- Constraints for table `categoryname`
--
ALTER TABLE `categoryname`
  ADD CONSTRAINT `categoryname_ibfk_1` FOREIGN KEY (`personId`) REFERENCES `person` (`id`);

--
-- Constraints for table `experiment`
--
ALTER TABLE `experiment`
  ADD CONSTRAINT `experiment_ibfk_2` FOREIGN KEY (`experimentType`) REFERENCES `experimenttype` (`id`) ON DELETE CASCADE ON UPDATE CASCADE,
  ADD CONSTRAINT `experiment_ibfk_3` FOREIGN KEY (`person`) REFERENCES `person` (`id`);

--
-- Constraints for table `experimentinfotype`
--
ALTER TABLE `experimentinfotype`
  ADD CONSTRAINT `experimentinfotype_ibfk_1` FOREIGN KEY (`experiment`) REFERENCES `experiment` (`id`) ON DELETE CASCADE ON UPDATE CASCADE,
  ADD CONSTRAINT `experimentinfotype_ibfk_2` FOREIGN KEY (`infoType`) REFERENCES `infotype` (`id`);

--
-- Constraints for table `experimentorder`
--
ALTER TABLE `experimentorder`
  ADD CONSTRAINT `experimentorder_ibfk_1` FOREIGN KEY (`pictureQueue`) REFERENCES `picturequeue` (`id`) ON DELETE CASCADE ON UPDATE CASCADE,
  ADD CONSTRAINT `experimentorder_ibfk_2` FOREIGN KEY (`experimentQueue`) REFERENCES `experimentqueue` (`id`) ON DELETE CASCADE ON UPDATE CASCADE,
  ADD CONSTRAINT `experimentorder_ibfk_3` FOREIGN KEY (`instruction`) REFERENCES `instruction` (`id`) ON DELETE CASCADE ON UPDATE CASCADE;

--
-- Constraints for table `experimentqueue`
--
ALTER TABLE `experimentqueue`
  ADD CONSTRAINT `experimentqueue_ibfk_1` FOREIGN KEY (`experiment`) REFERENCES `experiment` (`id`) ON DELETE CASCADE ON UPDATE CASCADE;

--
-- Constraints for table `experimentresult`
--
ALTER TABLE `experimentresult`
  ADD CONSTRAINT `experimentresult_ibfk_1` FOREIGN KEY (`experiment`) REFERENCES `experiment` (`id`) ON DELETE CASCADE ON UPDATE CASCADE,
  ADD CONSTRAINT `experimentresult_ibfk_2` FOREIGN KEY (`person`) REFERENCES `person` (`id`) ON DELETE CASCADE ON UPDATE CASCADE;

--
-- Constraints for table `infofield`
--
ALTER TABLE `infofield`
  ADD CONSTRAINT `infofield_ibfk_1` FOREIGN KEY (`experiment`) REFERENCES `experiment` (`id`) ON DELETE SET NULL,
  ADD CONSTRAINT `infofield_ibfk_2` FOREIGN KEY (`person`) REFERENCES `person` (`id`) ON DELETE SET NULL,
  ADD CONSTRAINT `infofield_ibfk_3` FOREIGN KEY (`infoType`) REFERENCES `infotype` (`id`) ON DELETE SET NULL;

--
-- Constraints for table `infotype`
--
ALTER TABLE `infotype`
  ADD CONSTRAINT `infotype_ibfk_1` FOREIGN KEY (`person`) REFERENCES `person` (`id`);

--
-- Constraints for table `instruction`
--
ALTER TABLE `instruction`
  ADD CONSTRAINT `instruction_ibfk_1` FOREIGN KEY (`personId`) REFERENCES `person` (`id`);

--
-- Constraints for table `person`
--
ALTER TABLE `person`
  ADD CONSTRAINT `person_ibfk_1` FOREIGN KEY (`userType`) REFERENCES `usertype` (`id`) ON UPDATE CASCADE;

--
-- Constraints for table `picture`
--
ALTER TABLE `picture`
  ADD CONSTRAINT `picture_ibfk_1` FOREIGN KEY (`pictureSet`) REFERENCES `pictureset` (`id`) ON DELETE CASCADE ON UPDATE CASCADE;

--
-- Constraints for table `pictureset`
--
ALTER TABLE `pictureset`
  ADD CONSTRAINT `pictureset_ibfk_1` FOREIGN KEY (`person`) REFERENCES `person` (`id`) ON DELETE CASCADE ON UPDATE CASCADE;

--
-- Constraints for table `result`
--
ALTER TABLE `result`
  ADD CONSTRAINT `result_ibfk_1` FOREIGN KEY (`experimentId`) REFERENCES `experiment` (`id`) ON DELETE SET NULL ON UPDATE SET NULL,
  ADD CONSTRAINT `result_ibfk_3` FOREIGN KEY (`personId`) REFERENCES `person` (`id`) ON DELETE SET NULL ON UPDATE SET NULL,
  ADD CONSTRAINT `result_ibfk_4` FOREIGN KEY (`category`) REFERENCES `categoryname` (`id`) ON DELETE SET NULL ON UPDATE SET NULL,
  ADD CONSTRAINT `result_ibfk_5` FOREIGN KEY (`pictureOrderId`) REFERENCES `pictureorder` (`id`) ON DELETE SET NULL ON UPDATE SET NULL;

--
-- Constraints for table `workplacebelongs`
--
ALTER TABLE `workplacebelongs`
  ADD CONSTRAINT `workplacebelongs_ibfk_1` FOREIGN KEY (`personId`) REFERENCES `person` (`id`) ON DELETE CASCADE ON UPDATE CASCADE,
  ADD CONSTRAINT `workplacebelongs_ibfk_2` FOREIGN KEY (`workPlace`) REFERENCES `workplace` (`id`) ON DELETE CASCADE ON UPDATE CASCADE;

/*!40101 SET CHARACTER_SET_CLIENT=@OLD_CHARACTER_SET_CLIENT */;
/*!40101 SET CHARACTER_SET_RESULTS=@OLD_CHARACTER_SET_RESULTS */;
/*!40101 SET COLLATION_CONNECTION=@OLD_COLLATION_CONNECTION */;
